HB_code,HB,Total on waiting list,Waiting 18+ weeks,Waiting 53+ weeks,% waiting 18+ weeks,% waiting 53+ weeks
W11000028,Aneurin Bevan LHB,104367,57604,28098,0.5519369149252158,0.2692230302681882
W11000023,Betsi Cadwaladr University LHB,130711,73419,42319,0.561689528807828,0.32376005079909115
W11000029,Cardiff and Vale University LHB,96890,52923,26443,0.5462173598926617,0.2729177417690164
W11000030,Cwm Taf Morgannwg University Health Board,95069,59928,30873,0.6303632098791404,0.3247430813409208
W11000025,Hywel Dda LHB,81219,45852,19933,0.5645477043548923,0.245422869033108
W11000024,Powys Teaching LHB,5714,1354,444,0.23696184809240461,0.07770388519425972
W11000031,Swansea Bay University Health Board,81302,48859,25981,0.60095692602888,0.31956163440013774
